[
  {
    "version": "0.96.2.2",
    "changes": [
      {
        "type": "APPEND",
        "path": "protection.switch_ids",
        "value": ",CRIMSON_PRESSURE_PLATE,WARPED_PRESSURE_PLATE,POLISHED_BLACKSTONE_PRESSURE_PLATE,CRIMSON_BUTTON,WARPED_BUTTON,POLISHED_BLACKSTONE_BUTTON,CRIMSON_DOOR,WARPED_DOOR,CRIMSON_FENCE_GATE,WARPED_FENCE_GATE,CRIMSON_TRAPDOOR,WARPED_TRAPDOOR,LODESTONE,RESPAWN_ANCHOR,TARGET"
      },
      {
        "type": "APPEND",
        "path": "protection.item_use_ids",
        "value": ",NETHERITE_AXE"
      },
      {
        "type": "APPEND",
        "path": "new_world_settings.plot_management.revert_on_unclaim.block_ignore",
        "value": ",NETHER_GOLD_ORE,ANCIENT_DEBRIS,SOUL_TORCH,SOUL_WALL_TORCH,CRIMSON_SIGN,CRIMSON_WALL_SIGN,WARPED_SIGN,WARPED_WALL_SIGN,LODESTONE,RESPAWN_ANCHOR",
        "worldAction": "UPDATE_WORLD_BLOCK_IGNORE"
      },
      {
        "type": "APPEND",
        "path": "new_world_settings.plot_management.mayor_plotblock_delete.mayor_plot_delete",
        "value": ",CRIMSON_WALL_SIGN,CRIMSON_SIGN,WARPED_WALL_SIGN,WARPED_SIGN",
        "worldAction": "UPDATE_WORLD_DELETE_MAYOR"
      },
      {
        "type": "APPEND",
        "path": "new_world_settings.plot_management.block_delete.unclaim_delete",
        "value": ",CRIMSON_SIGN,WARPED_SIGN,CRIMSON_WALL_SIGN,WARPED_WALL_SIGN,CRIMSON_DOOR,WARPED_DOOR,SOUL_TORCH,SOUL_WALL_TORCH,CRIMSON_PRESSURE_PLATE,WARPED_PRESSURE_PLATE,POLISHED_BLACKSTONE_PRESSURE_PLATE",
        "worldAction": "UPDATE_WORLD_UNCLAIM_DELETE"
      }
    ]
  },
  {
    "version": "0.96.2.18",
    "changes": [
      {
        "type": "APPEND",
        "path": "new_world_settings.plot_management.revert_on_unclaim.block_ignore",
        "value": ",NETHER_PORTAL",
        "worldAction": "UPDATE_WORLD_BLOCK_IGNORE"
      },
      {
        "type": "APPEND",
        "path": "new_world_settings.plot_management.wild_revert_on_mob_explosion.entities",
        "value": ",Wither,WitherSkull",
        "worldAction": "UPDATE_WORLD_EXPLOSION_REVERT_ENTITIES"
      }
    ]
  },
  {
    "version": "0.96.2.20",
    "changes": [
      {
        "type": "APPEND",
        "path": "global_town_settings.farm_plot_allow_blocks",
        "value": ",CRIMSON_FUNGUS,CRIMSON_STEM,CRIMSON_HYPHAE,CRIMSON_ROOTS,MUSHROOM_STEM,NETHER_WART_BLOCK,BROWN_MUSHROOM,BROWN_MUSHROOM_BLOCK,RED_MUSHROOM,RED_MUSHROOM_BLOCK,SHROOMLIGHT,WARPED_FUNGUS,WARPED_HYPHAE,WARPED_ROOTS,WARPED_STEM,WARPED_WART_BLOCK,WEEPING_VINES_PLANT,WEEPING_VINES,NETHER_SPROUTS"
      }
    ]
  },
  {
    "version": "0.96.2.21",
    "changes": [
      {
        "type": "APPEND",
        "path": "new_world_settings.plot_management.revert_on_unclaim.block_ignore",
        "value": "FURNACE,BLAST_FURNACE,SMOKER,BREWING_STAND,TNT,AIR,FIRE,NETHER_QUARTZ_ORE",
        "worldAction": "UPDATE_WORLD_BLOCK_IGNORE"
      }
    ]
  },
  {
    "version": "0.96.2.22",
    "changes": [
      {
        "type": "TOWN_LEVEL_ADD",
        "key": "debtCapModifier",
        "value": "1.0"
      }
    ]
  },
  {
    "version": "0.96.5.10",
    "changes": [
      {
        "type": "APPEND",
        "path": "global_town_settings.farm_plot_allow_blocks",
        "value": ",SHEARS"
      }
    ]
  }
]